DATE,NA000334Q,REAINTRATREARAT10Y,UNRATE,CPALTT01USQ661S,PPIACO,HOUST,PSAVERT
1913-01-01,,,,,12.1,,
1913-02-01,,,,,12.0,,
1913-03-01,,,,,12.0,,
1913-04-01,,,,,12.0,,
1913-05-01,,,,,11.9,,
1913-06-01,,,,,11.9,,
1913-07-01,,,,,12.0,,
1913-08-01,,,,,12.0,,
1913-09-01,,,,,12.2,,
1913-10-01,,,,,12.2,,
1913-11-01,,,,,12.1,,
1913-12-01,,,,,11.9,,
1914-01-01,,,,,11.8,,
1914-02-01,,,,,11.8,,
1914-03-01,,,,,11.7,,
1914-04-01,,,,,11.7,,
1914-05-01,,,,,11.6,,
1914-06-01,,,,,11.6,,
1914-07-01,,,,,11.6,,
1914-08-01,,,,,12.0,,
1914-09-01,,,,,12.1,,
1914-10-01,,,,,11.7,,
1914-11-01,,,,,11.7,,
1914-12-01,,,,,11.6,,
1915-01-01,,,,,11.8,,
1915-02-01,,,,,11.8,,
1915-03-01,,,,,11.8,,
1915-04-01,,,,,11.8,,
1915-05-01,,,,,11.9,,
1915-06-01,,,,,11.8,,
1915-07-01,,,,,11.9,,
1915-08-01,,,,,11.8,,
1915-09-01,,,,,11.8,,
1915-10-01,,,,,12.1,,
1915-11-01,,,,,12.3,,
1915-12-01,,,,,12.8,,
1916-01-01,,,,,13.3,,
1916-02-01,,,,,13.5,,
1916-03-01,,,,,13.9,,
1916-04-01,,,,,14.1,,
1916-05-01,,,,,14.2,,
1916-06-01,,,,,14.3,,
1916-07-01,,,,,14.4,,
1916-08-01,,,,,14.7,,
1916-09-01,,,,,15.0,,
1916-10-01,,,,,15.7,,
1916-11-01,,,,,16.8,,
1916-12-01,,,,,17.1,,
1917-01-01,,,,,17.6,,
1917-02-01,,,,,18.0,,
1917-03-01,,,,,18.5,,
1917-04-01,,,,,19.7,,
1917-05-01,,,,,20.8,,
1917-06-01,,,,,21.0,,
1917-07-01,,,,,21.2,,
1917-08-01,,,,,21.5,,
1917-09-01,,,,,21.3,,
1917-10-01,,,,,21.1,,
1917-11-01,,,,,21.2,,
1917-12-01,,,,,21.2,,
1918-01-01,,,,,21.6,,
1918-02-01,,,,,21.1,,
1918-03-01,,,,,21.8,,
1918-04-01,,,,,22.1,,
1918-05-01,,,,,22.1,,
1918-06-01,,,,,22.2,,
1918-07-01,,,,,22.7,,
1918-08-01,,,,,23.2,,
1918-09-01,,,,,23.7,,
1918-10-01,,,,,23.5,,
1918-11-01,,,,,23.5,,
1918-12-01,,,,,23.5,,
1919-01-01,,,,,23.2,,
1919-02-01,,,,,22.4,,
1919-03-01,,,,,22.6,,
1919-04-01,,,,,22.9,,
1919-05-01,,,,,23.3,,
1919-06-01,,,,,23.4,,
1919-07-01,,,,,24.3,,
1919-08-01,,,,,24.9,,
1919-09-01,,,,,24.3,,
1919-10-01,,,,,24.4,,
1919-11-01,,,,,24.9,,
1919-12-01,,,,,26.0,,
1920-01-01,,,,,27.2,,
1920-02-01,,,,,27.1,,
1920-03-01,,,,,27.3,,
1920-04-01,,,,,28.5,,
1920-05-01,,,,,28.8,,
1920-06-01,,,,,28.7,,
1920-07-01,,,,,28.6,,
1920-08-01,,,,,27.8,,
1920-09-01,,,,,26.8,,
1920-10-01,,,,,24.9,,
1920-11-01,,,,,23.0,,
1920-12-01,,,,,20.8,,
1921-01-01,,,,,19.6,,
1921-02-01,,,,,18.1,,
1921-03-01,,,,,17.7,,
1921-04-01,,,,,17.0,,
1921-05-01,,,,,16.6,,
1921-06-01,,,,,16.1,,
1921-07-01,,,,,16.1,,
1921-08-01,,,,,16.1,,
1921-09-01,,,,,16.1,,
1921-10-01,,,,,16.2,,
1921-11-01,,,,,16.2,,
1921-12-01,,,,,16.0,,
1922-01-01,,,,,15.7,,
1922-02-01,,,,,16.0,,
1922-03-01,,,,,16.0,,
1922-04-01,,,,,16.1,,
1922-05-01,,,,,16.6,,
1922-06-01,,,,,16.6,,
1922-07-01,,,,,17.1,,
1922-08-01,,,,,17.0,,
1922-09-01,,,,,17.1,,
1922-10-01,,,,,17.2,,
1922-11-01,,,,,17.3,,
1922-12-01,,,,,17.3,,
1923-01-01,,,,,17.6,,
1923-02-01,,,,,17.8,,
1923-03-01,,,,,18.0,,
1923-04-01,,,,,17.9,,
1923-05-01,,,,,17.5,,
1923-06-01,,,,,17.3,,
1923-07-01,,,,,17.0,,
1923-08-01,,,,,16.9,,
1923-09-01,,,,,17.2,,
1923-10-01,,,,,17.1,,
1923-11-01,,,,,17.0,,
1923-12-01,,,,,16.9,,
1924-01-01,,,,,17.2,,
1924-02-01,,,,,17.2,,
1924-03-01,,,,,17.0,,
1924-04-01,,,,,16.7,,
1924-05-01,,,,,16.5,,
1924-06-01,,,,,16.4,,
1924-07-01,,,,,16.5,,
1924-08-01,,,,,16.7,,
1924-09-01,,,,,16.7,,
1924-10-01,,,,,16.9,,
1924-11-01,,,,,17.1,,
1924-12-01,,,,,17.5,,
1925-01-01,,,,,17.7,,
1925-02-01,,,,,17.9,,
1925-03-01,,,,,17.9,,
1925-04-01,,,,,17.5,,
1925-05-01,,,,,17.5,,
1925-06-01,,,,,17.7,,
1925-07-01,,,,,18.0,,
1925-08-01,,,,,17.9,,
1925-09-01,,,,,17.8,,
1925-10-01,,,,,17.8,,
1925-11-01,,,,,18.0,,
1925-12-01,,,,,17.8,,
1926-01-01,,,,,17.8,,
1926-02-01,,,,,17.6,,
1926-03-01,,,,,17.3,,
1926-04-01,,,,,17.3,,
1926-05-01,,,,,17.3,,
1926-06-01,,,,,17.3,,
1926-07-01,,,,,17.1,,
1926-08-01,,,,,17.1,,
1926-09-01,,,,,17.2,,
1926-10-01,,,,,17.1,,
1926-11-01,,,,,17.0,,
1926-12-01,,,,,16.9,,
1927-01-01,,,,,16.4,,
1927-02-01,,,,,16.6,,
1927-03-01,,,,,16.5,,
1927-04-01,,,,,16.3,,
1927-05-01,,,,,16.2,,
1927-06-01,,,,,16.2,,
1927-07-01,,,,,16.2,,
1927-08-01,,,,,16.4,,
1927-09-01,,,,,16.6,,
1927-10-01,,,,,16.7,,
1927-11-01,,,,,16.6,,
1927-12-01,,,,,16.6,,
1928-01-01,,,,,16.6,,
1928-02-01,,,,,16.5,,
1928-03-01,,,,,16.5,,
1928-04-01,,,,,16.7,,
1928-05-01,,,,,16.8,,
1928-06-01,,,,,16.7,,
1928-07-01,,,,,16.8,,
1928-08-01,,,,,16.8,,
1928-09-01,,,,,17.0,,
1928-10-01,,,,,16.7,,
1928-11-01,,,,,16.5,,
1928-12-01,,,,,16.5,,
1929-01-01,,,,,16.5,,
1929-02-01,,,,,16.4,,
1929-03-01,,,,,16.6,,
1929-04-01,,,,,16.5,,
1929-05-01,,,,,16.3,,
1929-06-01,,,,,16.4,,
1929-07-01,,,,,16.6,,
1929-08-01,,,,,16.6,,
1929-09-01,,,,,16.6,,
1929-10-01,,,,,16.4,,
1929-11-01,,,,,16.1,,
1929-12-01,,,,,16.1,,
1930-01-01,,,,,15.9,,
1930-02-01,,,,,15.7,,
1930-03-01,,,,,15.5,,
1930-04-01,,,,,15.5,,
1930-05-01,,,,,15.3,,
1930-06-01,,,,,15.0,,
1930-07-01,,,,,14.5,,
1930-08-01,,,,,14.5,,
1930-09-01,,,,,14.5,,
1930-10-01,,,,,14.3,,
1930-11-01,,,,,14.0,,
1930-12-01,,,,,13.7,,
1931-01-01,,,,,13.5,,
1931-02-01,,,,,13.2,,
1931-03-01,,,,,13.1,,
1931-04-01,,,,,12.9,,
1931-05-01,,,,,12.6,,
1931-06-01,,,,,12.4,,
1931-07-01,,,,,12.4,,
1931-08-01,,,,,12.4,,
1931-09-01,,,,,12.3,,
1931-10-01,,,,,12.1,,
1931-11-01,,,,,12.1,,
1931-12-01,,,,,11.8,,
1932-01-01,,,,,11.6,,
1932-02-01,,,,,11.4,,
1932-03-01,,,,,11.4,,
1932-04-01,,,,,11.3,,
1932-05-01,,,,,11.1,,
1932-06-01,,,,,11.0,,
1932-07-01,,,,,11.1,,
1932-08-01,,,,,11.2,,
1932-09-01,,,,,11.3,,
1932-10-01,,,,,11.1,,
1932-11-01,,,,,11.0,,
1932-12-01,,,,,10.8,,
1933-01-01,,,,,10.5,,
1933-02-01,,,,,10.3,,
1933-03-01,,,,,10.4,,
1933-04-01,,,,,10.4,,
1933-05-01,,,,,10.8,,
1933-06-01,,,,,11.2,,
1933-07-01,,,,,11.9,,
1933-08-01,,,,,12.0,,
1933-09-01,,,,,12.2,,
1933-10-01,,,,,12.3,,
1933-11-01,,,,,12.3,,
1933-12-01,,,,,12.2,,
1934-01-01,,,,,12.4,,
1934-02-01,,,,,12.7,,
1934-03-01,,,,,12.7,,
1934-04-01,,,,,12.7,,
1934-05-01,,,,,12.7,,
1934-06-01,,,,,12.9,,
1934-07-01,,,,,12.9,,
1934-08-01,,,,,13.2,,
1934-09-01,,,,,13.4,,
1934-10-01,,,,,13.2,,
1934-11-01,,,,,13.2,,
1934-12-01,,,,,13.3,,
1935-01-01,,,,,13.6,,
1935-02-01,,,,,13.7,,
1935-03-01,,,,,13.7,,
1935-04-01,,,,,13.8,,
1935-05-01,,,,,13.8,,
1935-06-01,,,,,13.8,,
1935-07-01,,,,,13.7,,
1935-08-01,,,,,13.9,,
1935-09-01,,,,,13.9,,
1935-10-01,,,,,13.9,,
1935-11-01,,,,,13.9,,
1935-12-01,,,,,14.0,,
1936-01-01,,,,,13.9,,
1936-02-01,,,,,13.9,,
1936-03-01,,,,,13.7,,
1936-04-01,,,,,13.7,,
1936-05-01,,,,,13.5,,
1936-06-01,,,,,13.7,,
1936-07-01,,,,,13.9,,
1936-08-01,,,,,14.0,,
1936-09-01,,,,,14.0,,
1936-10-01,,,,,14.0,,
1936-11-01,,,,,14.2,,
1936-12-01,,,,,14.5,,
1937-01-01,,,,,14.8,,
1937-02-01,,,,,14.9,,
1937-03-01,,,,,15.1,,
1937-04-01,,,,,15.2,,
1937-05-01,,,,,15.1,,
1937-06-01,,,,,15.0,,
1937-07-01,,,,,15.2,,
1937-08-01,,,,,15.1,,
1937-09-01,,,,,15.1,,
1937-10-01,,,,,14.7,,
1937-11-01,,,,,14.4,,
1937-12-01,,,,,14.1,,
1938-01-01,,,,,14.0,,
1938-02-01,,,,,13.8,,
1938-03-01,,,,,13.7,,
1938-04-01,,,,,13.5,,
1938-05-01,,,,,13.5,,
1938-06-01,,,,,13.5,,
1938-07-01,,,,,13.6,,
1938-08-01,,,,,13.4,,
1938-09-01,,,,,13.5,,
1938-10-01,,,,,13.4,,
1938-11-01,,,,,13.4,,
1938-12-01,,,,,13.3,,
1939-01-01,,,,,13.3,,
1939-02-01,,,,,13.3,,
1939-03-01,,,,,13.2,,
1939-04-01,,,,,13.1,,
1939-05-01,,,,,13.1,,
1939-06-01,,,,,13.0,,
1939-07-01,,,,,13.0,,
1939-08-01,,,,,12.9,,
1939-09-01,,,,,13.6,,
1939-10-01,,,,,13.7,,
1939-11-01,,,,,13.6,,
1939-12-01,,,,,13.7,,
1940-01-01,,,,,13.7,,
1940-02-01,,,,,13.6,,
1940-03-01,,,,,13.5,,
1940-04-01,,,,,13.5,,
1940-05-01,,,,,13.5,,
1940-06-01,,,,,13.4,,
1940-07-01,,,,,13.4,,
1940-08-01,,,,,13.4,,
1940-09-01,,,,,13.4,,
1940-10-01,,,,,13.6,,
1940-11-01,,,,,13.7,,
1940-12-01,,,,,13.8,,
1941-01-01,,,,,13.9,,
1941-02-01,,,,,13.9,,
1941-03-01,,,,,14.0,,
1941-04-01,,,,,14.4,,
1941-05-01,,,,,14.6,,
1941-06-01,,,,,15.0,,
1941-07-01,,,,,15.3,,
1941-08-01,,,,,15.6,,
1941-09-01,,,,,15.8,,
1941-10-01,,,,,15.9,,
1941-11-01,,,,,15.9,,
1941-12-01,,,,,16.2,,
1942-01-01,,,,,16.5,,
1942-02-01,,,,,16.7,,
1942-03-01,,,,,16.8,,
1942-04-01,,,,,17.0,,
1942-05-01,,,,,17.0,,
1942-06-01,,,,,17.0,,
1942-07-01,,,,,17.0,,
1942-08-01,,,,,17.1,,
1942-09-01,,,,,17.2,,
1942-10-01,,,,,17.2,,
1942-11-01,,,,,17.3,,
1942-12-01,,,,,17.4,,
1943-01-01,,,,,17.5,,
1943-02-01,,,,,17.7,,
1943-03-01,,,,,17.8,,
1943-04-01,,,,,17.9,,
1943-05-01,,,,,17.9,,
1943-06-01,,,,,17.9,,
1943-07-01,,,,,17.8,,
1943-08-01,,,,,17.8,,
1943-09-01,,,,,17.8,,
1943-10-01,,,,,17.8,,
1943-11-01,,,,,17.7,,
1943-12-01,,,,,17.8,,
1944-01-01,,,,,17.8,,
1944-02-01,,,,,17.8,,
1944-03-01,,,,,17.9,,
1944-04-01,,,,,17.9,,
1944-05-01,,,,,17.9,,
1944-06-01,,,,,18.0,,
1944-07-01,,,,,17.9,,
1944-08-01,,,,,17.9,,
1944-09-01,,,,,17.9,,
1944-10-01,,,,,17.9,,
1944-11-01,,,,,18.0,,
1944-12-01,,,,,18.0,,
1945-01-01,,,,,18.1,,
1945-02-01,,,,,18.1,,
1945-03-01,,,,,18.1,,
1945-04-01,,,,,18.2,,
1945-05-01,,,,,18.3,,
1945-06-01,,,,,18.3,,
1945-07-01,,,,,18.3,,
1945-08-01,,,,,18.2,,
1945-09-01,,,,,18.1,,
1945-10-01,,,,,18.2,,
1945-11-01,,,,,18.4,,
1945-12-01,,,,,18.4,,
1946-01-01,,,,,18.4,,
1946-02-01,,,,,18.5,,
1946-03-01,,,,,18.8,,
1946-04-01,,,,,19.0,,
1946-05-01,,,,,19.1,,
1946-06-01,,,,,19.4,,
1946-07-01,,,,,21.5,,
1946-08-01,,,,,22.2,,
1946-09-01,,,,,21.4,,
1946-10-01,,,,,23.1,,
1946-11-01,,,,,24.1,,
1946-12-01,,,,,24.3,,
1947-01-01,58497.0,,,,24.5,,
1947-02-01,,,,,24.7,,
1947-03-01,,,,,25.3,,
1947-04-01,60672.0,,,,25.1,,
1947-05-01,,,,,25.0,,
1947-06-01,,,,,25.0,,
1947-07-01,62196.0,,,,25.3,,
1947-08-01,,,,,25.6,,
1947-09-01,,,,,26.1,,
1947-10-01,68250.0,,,,26.4,,
1947-11-01,,,,,26.7,,
1947-12-01,,,,,27.2,,
1948-01-01,64258.0,,3.4,,27.7,,
1948-02-01,,,3.8,,27.2,,
1948-03-01,,,4.0,,27.2,,
1948-04-01,66539.0,,3.9,,27.4,,
1948-05-01,,,3.5,,27.5,,
1948-06-01,,,3.6,,27.7,,
1948-07-01,69378.0,,3.6,,28.0,,
1948-08-01,,,3.9,,28.2,,
1948-09-01,,,3.8,,28.1,,
1948-10-01,74295.0,,3.7,,27.8,,
1948-11-01,,,3.8,,27.8,,
1948-12-01,,,4.0,,27.6,,
1949-01-01,66185.0,,4.3,,27.3,,
1949-02-01,,,4.7,,26.8,,
1949-03-01,,,5.0,,26.8,,
1949-04-01,66340.0,,5.3,,26.5,,
1949-05-01,,,6.1,,26.3,,
1949-06-01,,,6.2,,26.0,,
1949-07-01,68625.0,,6.7,,26.0,,
1949-08-01,,,6.8,,26.0,,
1949-09-01,,,6.6,,26.1,,
1949-10-01,71322.0,,7.9,,26.0,,
1949-11-01,,,6.4,,26.0,,
1949-12-01,,,6.6,,25.9,,
1950-01-01,68032.0,,6.5,,25.9,,
1950-02-01,,,6.4,,26.1,,
1950-03-01,,,6.3,,26.1,,
1950-04-01,70872.0,,5.8,,26.1,,
1950-05-01,,,5.5,,26.4,,
1950-06-01,,,5.4,,26.6,,
1950-07-01,77178.0,,5.0,,27.3,,
1950-08-01,,,4.5,,27.9,,
1950-09-01,,,4.4,,28.4,,
1950-10-01,83746.0,,4.2,,28.6,,
1950-11-01,,,4.2,,29.0,,
1950-12-01,,,4.3,,29.7,,
1951-01-01,81603.0,,3.7,,30.5,,
1951-02-01,,,3.4,,30.9,,
1951-03-01,,,3.4,,30.9,,
1951-04-01,84645.0,,3.1,,30.8,,
1951-05-01,,,3.0,,30.7,,
1951-06-01,,,3.2,,30.5,,
1951-07-01,87586.0,,3.1,,30.3,,
1951-08-01,,,3.1,,30.1,,
1951-09-01,,,3.3,,30.1,,
1951-10-01,93076.0,,3.5,,30.1,,
1951-11-01,,,3.5,,30.1,,
1951-12-01,,,3.1,,30.1,,
1952-01-01,87610.0,,3.2,,30.0,,
1952-02-01,,,3.1,,29.8,,
1952-03-01,,,2.9,,29.8,,
1952-04-01,88913.0,,2.9,,29.6,,
1952-05-01,,,3.0,,29.6,,
1952-06-01,,,3.0,,29.5,,
1952-07-01,91270.0,,3.2,,29.6,,
1952-08-01,,,3.4,,29.8,,
1952-09-01,,,3.1,,29.6,,
1952-10-01,99548.0,,3.0,,29.5,,
1952-11-01,,,2.8,,29.3,,
1952-12-01,,,2.7,,29.1,,
1953-01-01,94008.0,,2.9,,29.1,,
1953-02-01,,,2.6,,29.1,,
1953-03-01,,,2.6,,29.2,,
1953-04-01,97392.0,,2.7,,29.0,,
1953-05-01,,,2.5,,29.1,,
1953-06-01,,,2.5,,29.0,,
1953-07-01,96695.0,,2.6,,29.4,,
1953-08-01,,,2.7,,29.3,,
1953-09-01,,,2.9,,29.4,,
1953-10-01,101121.0,,3.1,,29.2,,
1953-11-01,,,3.5,,29.1,,
1953-12-01,,,4.5,,29.2,,
1954-01-01,93581.0,,4.9,,29.4,,
1954-02-01,,,5.2,,29.3,,
1954-03-01,,,5.7,,29.3,,
1954-04-01,96090.0,,5.9,,29.4,,
1954-05-01,,,5.9,,29.4,,
1954-06-01,,,5.6,,29.2,,
1954-07-01,96905.0,,5.8,,29.3,,
1954-08-01,,,6.0,,29.3,,
1954-09-01,,,6.1,,29.2,,
1954-10-01,103980.0,,5.7,,29.1,,
1954-11-01,,,5.3,,29.2,,
1954-12-01,,,5.0,,29.0,,
1955-01-01,99833.0,,4.9,,29.2,,
1955-02-01,,,4.7,,29.3,,
1955-03-01,,,4.6,,29.2,,
1955-04-01,104406.0,,4.7,,29.3,,
1955-05-01,,,4.3,,29.1,,
1955-06-01,,,4.2,,29.3,,
1955-07-01,107058.0,,4.0,,29.3,,
1955-08-01,,,4.2,,29.4,,
1955-09-01,,,4.1,,29.6,,
1955-10-01,114181.0,,4.3,,29.6,,
1955-11-01,,,4.2,,29.5,,
1955-12-01,,,4.2,,29.5,,
1956-01-01,106892.0,,4.0,,29.7,,
1956-02-01,,,3.9,,29.8,,
1956-03-01,,,4.2,,29.9,,
1956-04-01,110356.0,,4.0,,30.1,,
1956-05-01,,,4.3,,30.3,,
1956-06-01,,,4.3,,30.3,,
1956-07-01,111816.0,,4.4,,30.2,,
1956-08-01,,,4.1,,30.4,,
1956-09-01,,,3.9,,30.6,,
1956-10-01,120287.0,,3.9,,30.6,,
1956-11-01,,,4.3,,30.7,,
1956-12-01,,,4.2,,30.8,,
1957-01-01,113459.0,,4.2,,31.0,,
1957-02-01,,,3.9,,31.0,,
1957-03-01,,,3.7,,31.0,,
1957-04-01,117125.0,,3.9,,31.1,,
1957-05-01,,,4.1,,31.0,,
1957-06-01,,,4.3,,31.1,,
1957-07-01,119108.0,,4.2,,31.3,,
1957-08-01,,,4.1,,31.4,,
1957-09-01,,,4.4,,31.3,,
1957-10-01,124349.0,,4.5,,31.2,,
1957-11-01,,,5.1,,31.3,,
1957-12-01,,,5.2,,31.4,,
1958-01-01,113202.0,,5.8,,31.5,,
1958-02-01,,,6.4,,31.5,,
1958-03-01,,,6.7,,31.7,,
1958-04-01,117802.0,,7.4,,31.6,,
1958-05-01,,,7.4,,31.7,,
1958-06-01,,,7.3,,31.6,,
1958-07-01,120079.0,,7.5,,31.6,,
1958-08-01,,,7.4,,31.6,,
1958-09-01,,,7.1,,31.6,,
1958-10-01,130149.0,,6.7,,31.5,,
1958-11-01,,,6.2,,31.6,,
1958-12-01,,,6.2,,31.6,,
1959-01-01,123707.0,,6.0,,31.7,1657.0,11.3
1959-02-01,,,5.9,,31.7,1667.0,10.6
1959-03-01,,,5.6,,31.7,1620.0,10.3
1959-04-01,131641.0,,5.2,,31.8,1590.0,11.2
1959-05-01,,,5.1,,31.8,1498.0,10.6
1959-06-01,,,5.0,,31.7,1503.0,10.5
1959-07-01,130194.0,,5.1,,31.7,1547.0,10.7
1959-08-01,,,5.2,,31.6,1430.0,9.6
1959-09-01,,,5.5,,31.7,1540.0,8.7
1959-10-01,136112.0,,5.7,,31.6,1355.0,9.4
1959-11-01,,,5.8,,31.5,1416.0,10.1
1959-12-01,,,5.3,,31.5,1601.0,11.0
1960-01-01,131022.0,,5.2,12.4027671714125,31.6,1460.0,10.9
1960-02-01,,,4.8,,31.6,1503.0,10.6
1960-03-01,,,5.4,,31.8,1109.0,9.4
1960-04-01,136488.0,,5.2,12.4773047221648,31.8,1289.0,8.4
1960-05-01,,,5.1,,31.7,1271.0,10.4
1960-06-01,,,5.4,,31.7,1247.0,10.4
1960-07-01,135021.0,,5.5,12.4843365665754,31.7,1197.0,10.4
1960-08-01,,,5.6,,31.6,1344.0,10.3
1960-09-01,,,5.5,,31.6,1097.0,10.0
1960-10-01,139850.0,,6.1,12.5644995928562,31.7,1246.0,9.8
1960-11-01,,,6.1,,31.7,1246.0,9.8
1960-12-01,,,6.6,,31.7,1063.0,10.4
1961-01-01,132138.0,,6.6,12.5898142327344,31.8,1183.0,11.1
1961-02-01,,,6.9,,31.8,1226.0,11.1
1961-03-01,,,6.9,,31.8,1312.0,10.4
1961-04-01,140168.0,,7.0,12.585595126088,31.6,1166.0,10.6
1961-05-01,,,7.1,,31.5,1228.0,10.8
1961-06-01,,,6.9,,31.3,1382.0,11.5
1961-07-01,140509.0,,7.0,12.6348180369622,31.5,1335.0,12.0
1961-08-01,,,6.6,,31.5,1312.0,11.7
1961-09-01,,,6.7,,31.5,1429.0,11.3
1961-10-01,149394.0,,6.5,12.6531008324297,31.5,1415.0,11.7
1961-11-01,,,6.1,,31.5,1385.0,11.6
1961-12-01,,,6.0,,31.6,1365.0,11.6
1962-01-01,144274.0,,5.8,12.7023237433039,31.7,1361.0,11.3
1962-02-01,,,5.5,,31.7,1278.0,11.8
1962-03-01,,,5.6,,31.7,1443.0,11.6
1962-04-01,150952.0,,5.6,12.750140285296,31.6,1524.0,11.7
1962-05-01,,,5.5,,31.5,1483.0,11.1
1962-06-01,,,5.5,,31.5,1404.0,11.5
1962-07-01,150614.0,,5.4,12.7867058762311,31.6,1450.0,11.6
1962-08-01,,,5.7,,31.6,1517.0,11.4
1962-09-01,,,5.6,,31.9,1324.0,10.4
1962-10-01,158078.0,,5.4,12.8176459916377,31.7,1533.0,11.3
1962-11-01,,,5.7,,31.7,1622.0,10.4
1962-12-01,,,5.5,,31.6,1564.0,10.3
1963-01-01,150949.0,,5.7,12.8584306892192,31.6,1244.0,10.9
1963-02-01,,,5.9,,31.5,1456.0,10.7
1963-03-01,,,5.7,,31.5,1534.0,10.6
1963-04-01,158886.0,,5.7,12.8823389602152,31.4,1689.0,10.7
1963-05-01,,,5.9,,31.5,1641.0,10.9
1963-06-01,,,5.6,,31.6,1588.0,10.5
1963-07-01,159597.0,,5.6,12.9610956176139,31.7,1614.0,10.1
1963-08-01,,,5.4,,31.6,1639.0,10.2
1963-09-01,,,5.5,,31.6,1763.0,11.0
1963-10-01,168017.0,,5.5,12.9962548396669,31.6,1779.0,11.5
1963-11-01,,,5.7,,31.7,1622.0,11.0
1963-12-01,,,5.5,,31.6,1491.0,10.7
1964-01-01,162413.0,,5.6,13.0496968571875,31.8,1603.0,10.7
1964-02-01,,,5.4,,31.6,1820.0,10.4
1964-03-01,,,5.4,,31.6,1517.0,12.1
1964-04-01,170097.0,,5.3,13.0707923904193,31.6,1448.0,12.4
1964-05-01,,,5.1,,31.5,1467.0,11.7
1964-06-01,,,5.2,,31.5,1550.0,11.5
1964-07-01,171593.0,,4.9,13.1003261369438,31.6,1562.0,11.2
1964-08-01,,,5.0,,31.6,1569.0,11.1
1964-09-01,,,5.1,,31.7,1455.0,11.8
1964-10-01,180356.0,,5.1,13.1607999988749,31.7,1524.0,11.2
1964-11-01,,,4.8,,31.7,1486.0,12.5
1964-12-01,,,5.0,,31.7,1484.0,12.5
1965-01-01,173462.0,,4.9,13.2015846964564,31.8,1361.0,12.1
1965-02-01,,,5.1,,31.9,1433.0,10.7
1965-03-01,,,4.7,,31.9,1423.0,10.8
1965-04-01,183818.0,,4.8,13.2859668293835,32.0,1438.0,10.2
1965-05-01,,,4.6,,32.1,1478.0,11.2
1965-06-01,,,4.6,,32.4,1488.0,12.1
1965-07-01,185525.0,,4.4,13.3253451580829,32.4,1529.0,11.9
1965-08-01,,,4.4,,32.4,1432.0,11.7
1965-09-01,,,4.3,,32.4,1482.0,12.5
1965-10-01,199483.0,,4.2,13.3956636021889,32.5,1452.0,10.9
1965-11-01,,,4.1,,32.6,1460.0,11.5
1965-12-01,,,4.0,,32.8,1656.0,11.7
1966-01-01,191022.0,,4.0,13.5208304326975,32.9,1370.0,11.2
1966-02-01,,,3.8,,33.2,1378.0,11.0
1966-03-01,,,3.8,,33.2,1394.0,10.7
1966-04-01,201635.0,,3.8,13.6431845254419,33.2,1352.0,10.3
1966-05-01,,,3.9,,33.2,1265.0,11.2
1966-06-01,,,3.8,,33.3,1194.0,11.4
1966-07-01,203439.0,,3.8,13.76131951154,33.5,1086.0,10.9
1966-08-01,,,3.8,,33.6,1119.0,11.2
1966-09-01,,,3.7,,33.6,1046.0,11.0
1966-10-01,217316.0,,3.7,13.8738290221095,33.4,843.0,11.6
1966-11-01,,,3.6,,33.3,961.0,11.8
1966-12-01,,,3.8,,33.3,990.0,11.6
1967-01-01,204098.0,,3.9,13.9089882441625,33.4,1067.0,12.1
1967-02-01,,,3.8,,33.4,1123.0,12.6
1967-03-01,,,3.8,,33.3,1056.0,12.8
1967-04-01,213246.0,,3.8,13.9933703770897,33.1,1091.0,11.9
1967-05-01,,,3.8,,33.3,1304.0,12.0
1967-06-01,,,3.9,,33.5,1248.0,11.9
1967-07-01,214456.0,,3.8,14.1340072653016,33.5,1364.0,12.6
1967-08-01,,,3.8,,33.4,1407.0,12.6
1967-09-01,,,3.8,,33.4,1421.0,11.9
1967-10-01,228140.0,,4.0,14.2887078423348,33.4,1491.0,12.9
1967-11-01,,,3.9,,33.4,1538.0,12.8
1967-12-01,,,3.8,,33.7,1308.0,11.8
1968-01-01,218405.0,,3.7,14.4293447305468,33.8,1380.0,11.7
1968-02-01,,,3.8,,34.0,1520.0,12.3
1968-03-01,,,3.7,,34.1,1466.0,11.7
1968-04-01,234781.0,,3.5,14.5699816187587,34.1,1554.0,12.3
1968-05-01,,,3.5,,34.2,1408.0,12.0
1968-06-01,,,3.7,,34.2,1405.0,11.7
1968-07-01,235737.0,,3.7,14.7668732622554,34.3,1512.0,10.7
1968-08-01,,,3.5,,34.2,1495.0,10.5
1968-09-01,,,3.4,,34.4,1556.0,10.6
1968-10-01,251704.0,,3.4,14.949701216931,34.4,1569.0,10.8
1968-11-01,,,3.4,,34.5,1630.0,10.6
1968-12-01,,,3.4,,34.6,1548.0,11.1
1969-01-01,238912.0,,3.4,15.1325291716065,34.8,1769.0,10.3
1969-02-01,,,3.4,,35.0,1705.0,9.7
1969-03-01,,,3.4,,35.2,1561.0,10.2
1969-04-01,254764.0,,3.4,15.3716118815669,35.3,1524.0,9.7
1969-05-01,,,3.4,,35.5,1583.0,10.1
1969-06-01,,,3.5,,35.7,1528.0,11.1
1969-07-01,255302.0,,3.5,15.5825672138848,35.8,1368.0,11.8
1969-08-01,,,3.5,,35.7,1358.0,11.5
1969-09-01,,,3.7,,35.8,1507.0,11.6
1969-10-01,268638.0,,3.7,15.8216499238451,35.9,1381.0,11.4
1969-11-01,,,3.5,,36.1,1229.0,11.6
1969-12-01,,,3.5,,36.3,1327.0,11.8
1970-01-01,253998.0,,3.9,16.0747963226266,36.5,1085.0,11.8
1970-02-01,,,4.2,,36.7,1305.0,11.7
1970-03-01,,,4.4,,36.7,1319.0,12.4
1970-04-01,268532.0,,4.6,16.2998153437658,36.8,1264.0,13.3
1970-05-01,,,4.8,,36.8,1290.0,12.4
1970-06-01,,,4.9,,36.9,1385.0,12.3
1970-07-01,268019.0,,5.0,16.4685796096201,37.1,1517.0,13.5
1970-08-01,,,5.1,,36.9,1399.0,13.4
1970-09-01,,,5.4,,37.1,1534.0,12.9
1970-10-01,282764.0,,5.5,16.7076623195804,37.1,1580.0,13.1
1970-11-01,,,5.9,,37.1,1647.0,13.6
1970-12-01,,,6.1,,37.1,1893.0,13.2
1971-01-01,273782.0,,5.9,16.8482992077924,37.3,1828.0,13.3
1971-02-01,,,5.9,,37.7,1741.0,13.3
1971-03-01,,,6.0,,37.8,1910.0,13.5
1971-04-01,291216.0,,5.9,17.0029997848256,37.9,1986.0,13.2
1971-05-01,,,5.9,,38.1,2049.0,13.6
1971-06-01,,,5.9,,38.2,2026.0,14.7
1971-07-01,291043.0,,6.0,17.1717640506799,38.3,2083.0,13.8
1971-08-01,,,6.1,,38.5,2158.0,13.6
1971-09-01,,,6.0,,38.3,2041.0,13.3
1971-10-01,308808.0,,5.8,17.2983372500707,38.3,2128.0,13.3
1971-11-01,,,6.0,,38.3,2182.0,13.1
1971-12-01,,,6.0,,38.6,2295.0,13.0
1972-01-01,299204.0,,5.8,17.4389741382826,38.8,2494.0,12.5
1972-02-01,,,5.7,,39.2,2390.0,12.8
1972-03-01,,,5.8,,39.2,2334.0,11.8
1972-04-01,318894.0,,5.7,17.5514836488522,39.3,2249.0,11.5
1972-05-01,,,5.7,,39.5,2221.0,11.7
1972-06-01,,,5.7,,39.7,2254.0,11.7
1972-07-01,319052.0,,5.6,17.6921205370641,40.0,2252.0,11.7
1972-08-01,,,5.6,,40.1,2382.0,12.0
1972-09-01,,,5.5,,40.2,2481.0,12.2
1972-10-01,341962.0,,5.6,17.8749484917397,40.1,2485.0,13.0
1972-11-01,,,5.3,,40.3,2421.0,13.6
1972-12-01,,,5.2,,41.1,2366.0,13.7
1973-01-01,333807.0,,4.9,18.1562222681636,41.6,2481.0,12.4
1973-02-01,,,5.0,,42.4,2289.0,12.5
1973-03-01,,,4.9,,43.4,2365.0,12.7
1973-04-01,354356.0,,5.0,18.5359418663359,43.6,2084.0,13.2
1973-05-01,,,4.9,,44.5,2266.0,13.2
1973-06-01,,,4.9,,45.5,2067.0,13.6
1973-07-01,354349.0,,4.8,18.901597775687,44.9,2123.0,13.2
1973-08-01,,,4.8,,47.5,2051.0,13.9
1973-09-01,,,4.8,,46.7,1874.0,13.1
1973-10-01,382865.0,,4.6,19.3797631956076,46.3,1677.0,14.4
1973-11-01,,,4.8,,46.5,1724.0,14.4
1973-12-01,,,4.9,,47.4,1526.0,14.8
1974-01-01,361840.0,,5.1,19.9563744372766,49.0,1451.0,14.3
1974-02-01,,,5.2,,50.0,1752.0,14.2
1974-03-01,,,5.1,,50.6,1555.0,13.4
1974-04-01,384120.0,,5.1,20.4907946124821,51.0,1607.0,13.1
1974-05-01,,,5.1,,51.8,1426.0,12.8
1974-06-01,,,5.4,,52.0,1513.0,12.8
1974-07-01,385975.0,,5.5,21.0674058541511,54.0,1316.0,12.8
1974-08-01,,,5.5,,55.9,1142.0,12.1
1974-09-01,,,5.9,,55.9,1150.0,12.9
1974-10-01,413310.0,,6.0,21.7143355399261,56.9,1070.0,13.4
1974-11-01,,,6.6,,57.4,1026.0,13.8
1974-12-01,,,7.2,,57.3,975.0,14.0
1975-01-01,391688.0,,8.1,22.1784372710256,57.4,1032.0,13.2
1975-02-01,,,8.1,,57.2,904.0,12.5
1975-03-01,,,8.6,,56.9,993.0,12.7
1975-04-01,414253.0,,8.8,22.4456473586283,57.5,1005.0,14.2
1975-05-01,,,9.0,,57.9,1121.0,17.3
1975-06-01,,,8.8,,58.0,1087.0,14.3
1975-07-01,423323.0,,8.6,22.8956854009065,58.7,1226.0,12.6
1975-08-01,,,8.4,,59.0,1260.0,13.0
1975-09-01,,,8.4,,59.4,1264.0,13.0
1975-10-01,455641.0,,8.4,23.3175960655424,59.8,1344.0,13.4
1975-11-01,,,8.3,,59.5,1360.0,12.7
1975-12-01,,,8.2,,59.7,1321.0,12.0
1976-01-01,441178.0,,7.9,23.5848061531451,59.9,1367.0,11.7
1976-02-01,,,7.7,,59.9,1538.0,12.3
1976-03-01,,,7.6,,60.0,1421.0,12.2
1976-04-01,465343.0,,7.7,23.7957614854631,60.6,1395.0,11.7
1976-05-01,,,7.4,,60.8,1459.0,12.3
1976-06-01,,,7.6,,61.2,1495.0,11.4
1976-07-01,466535.0,,7.8,24.1754810836353,61.6,1401.0,11.7
1976-08-01,,,7.8,,61.4,1550.0,11.7
1976-09-01,,,7.6,,61.8,1720.0,11.4
1976-10-01,500358.0,,7.7,24.5270733041652,61.9,1629.0,11.1
1976-11-01,,,7.8,,62.0,1641.0,11.4
1976-12-01,,,7.8,,62.5,1804.0,10.6
1977-01-01,481996.0,,7.5,24.9771113464435,62.8,1527.0,10.6
1977-02-01,,,7.6,,63.5,1943.0,9.3
1977-03-01,,,7.4,,64.1,2063.0,10.5
1977-04-01,515010.0,,7.2,25.4130856999006,64.9,1892.0,10.5
1977-05-01,,,7.0,,65.2,1971.0,10.3
1977-06-01,,,7.2,,65.0,1893.0,10.6
1977-07-01,526844.0,,6.9,25.7646779204305,65.1,2058.0,10.5
1977-08-01,,,7.0,,65.0,2020.0,10.9
1977-09-01,,,6.8,,65.3,1949.0,11.1
1977-10-01,557979.0,,6.8,26.1443975186027,65.6,2042.0,11.0
1977-11-01,,,6.8,,65.8,2042.0,11.2
1977-12-01,,,6.4,,66.2,2142.0,11.4
1978-01-01,534990.0,,6.4,26.594435560881,66.8,1718.0,11.9
1978-02-01,,,6.3,,67.5,1738.0,11.1
1978-03-01,,,6.3,,68.1,2032.0,11.0
1978-04-01,583171.0,,6.1,27.1991741801924,69.0,2197.0,10.8
1978-05-01,,,6.0,,69.5,2075.0,10.3
1978-06-01,,,5.9,,70.0,2070.0,10.0
1978-07-01,596032.0,,6.2,27.8320401771462,70.4,2092.0,10.9
1978-08-01,,,5.9,,70.4,1996.0,10.5
1978-09-01,,,6.0,,71.0,1970.0,10.6
1978-10-01,637402.0,,5.8,28.4789698629212,71.8,1981.0,10.7
1978-11-01,,,5.9,,72.1,2094.0,10.5
1978-12-01,,,6.0,,72.7,2044.0,10.4
1979-01-01,618499.0,,5.9,29.1962179928022,73.8,1630.0,11.1
1979-02-01,,,5.9,,74.9,1520.0,11.0
1979-03-01,,,5.8,,75.8,1847.0,11.2
1979-04-01,648326.0,,5.8,30.1244214550011,76.9,1748.0,11.0
1979-05-01,,,5.6,,77.5,1876.0,10.3
1979-06-01,,,5.7,,78.0,1913.0,9.8
1979-07-01,658706.0,,5.7,31.0948159836636,79.2,1760.0,10.6
1979-08-01,,,6.0,,79.6,1778.0,9.7
1979-09-01,,,5.9,,80.9,1832.0,9.4
1979-10-01,701800.0,,6.0,32.0792742011473,82.1,1681.0,9.7
1979-11-01,,,5.9,,82.6,1524.0,9.7
1979-12-01,,,6.0,,83.4,1498.0,10.1
1980-01-01,683564.0,,6.3,33.3450061950549,85.2,1341.0,9.9
1980-02-01,,,6.3,,86.9,1350.0,10.1
1980-03-01,,,6.3,,87.5,1047.0,10.3
1980-04-01,698570.0,,6.9,34.4701013007506,87.8,1051.0,11.4
1980-05-01,,,7.5,,88.3,927.0,11.5
1980-06-01,,,7.6,,88.7,1196.0,11.3
1980-07-01,707671.0,,7.8,35.1170309865256,90.3,1269.0,11.4
1980-08-01,,,7.7,,91.5,1436.0,11.4
1980-09-01,,,7.5,,91.7,1471.0,11.7
1980-10-01,767505.0,,7.5,36.1014892040093,92.8,1523.0,11.3
1980-11-01,,,7.5,,93.2,1510.0,11.6
1980-12-01,,,7.2,,93.8,1482.0,11.4
1981-01-01,758799.0,,7.5,37.1000111103142,95.2,1547.0,10.9
1981-02-01,,,7.4,,96.1,1246.0,10.8
1981-03-01,,,7.4,,97.0,1306.0,10.8
1981-04-01,791530.0,,7.2,37.8735139954799,98.0,1360.0,10.8
1981-05-01,,,7.5,,98.3,1140.0,10.9
1981-06-01,,,7.5,,98.5,1045.0,10.8
1981-07-01,811659.0,,7.2,38.9282906570696,99.0,1041.0,12.3
1981-08-01,,,7.4,,99.0,940.0,12.0
1981-09-01,,,7.6,,98.8,911.0,12.3
1981-10-01,845052.0,,7.9,39.5611566540234,98.9,873.0,12.9
1981-11-01,,,8.3,,98.8,837.0,13.0
1981-12-01,,,8.5,,98.8,910.0,12.4
1982-01-01,803715.0,7.62374231,8.6,39.9127488745533,99.7,843.0,12.6
1982-02-01,,7.65664807,8.9,,99.8,866.0,12.0
1982-03-01,,7.12899337,9.0,,99.6,931.0,12.1
1982-04-01,831458.0,7.40834717,9.3,40.4893601162223,99.6,917.0,12.8
1982-05-01,,7.32004091,9.4,,99.8,1025.0,12.2
1982-06-01,,7.34537864,9.6,,100.0,902.0,12.2
1982-07-01,834528.0,7.55898662,9.8,41.1925445572821,100.4,1166.0,12.5
1982-08-01,,6.87979814,9.8,,100.3,1046.0,12.5
1982-09-01,,6.50722489,10.1,,100.0,1144.0,11.7
1982-10-01,874081.0,6.27916218,10.4,41.3191177566729,100.2,1173.0,11.2
1982-11-01,,5.62621423,10.8,,100.3,1372.0,10.9
1982-12-01,,5.88173142,10.8,,100.5,1303.0,10.9
1983-01-01,850380.0,5.5433895,10.4,41.3472451343152,100.2,1586.0,11.1
1983-02-01,,5.86170487,10.4,,100.5,1699.0,11.2
1983-03-01,,5.57383847,10.3,,100.4,1606.0,10.7
1983-04-01,895388.0,5.70012244,10.2,41.8254105542359,100.4,1472.0,10.3
1983-05-01,,5.40239353,10.1,,100.8,1776.0,9.9
1983-06-01,,5.80955824,10.1,,101.0,1733.0,9.2
1983-07-01,916516.0,5.8185791,9.4,42.2332575300506,101.3,1785.0,9.7
1983-08-01,,6.26942178,9.5,,101.8,1910.0,9.2
1983-09-01,,6.35502485,9.2,,102.0,1710.0,9.6
1983-10-01,971755.0,6.03269333,8.8,42.6551681946864,102.2,1715.0,9.7
1983-11-01,,6.14393792,8.5,,102.1,1785.0,10.3
1983-12-01,,6.14842454,8.3,,102.3,1688.0,10.1
1984-01-01,962905.0,6.21530449,8.0,43.2599068139979,102.9,1897.0,9.9
1984-02-01,,6.1010181,7.8,,103.2,2260.0,11.6
1984-03-01,,6.46257937,7.8,,103.9,1663.0,11.4
1984-04-01,1002687.0,6.62874874,7.7,43.6677537898125,104.0,1851.0,11.4
1984-05-01,,6.85146491,7.4,,104.1,1774.0,11.0
1984-06-01,,7.34576833,7.2,,104.0,1843.0,11.0
1984-07-01,1011924.0,7.44614428,7.5,44.0474733879848,104.2,1732.0,11.4
1984-08-01,,6.87114867,7.5,,103.8,1586.0,11.7
1984-09-01,,6.97565415,7.3,,103.4,1698.0,11.7
1984-10-01,1060096.0,6.60885326,7.4,44.4271929861571,103.4,1590.0,11.6
1984-11-01,,6.06648144,7.2,,103.7,1689.0,10.7
1984-12-01,,6.07562511,7.3,,103.5,1612.0,11.1
1985-01-01,1033006.0,6.16190057,7.3,44.8350399619718,103.4,1711.0,10.2
1985-02-01,,6.01581783,7.2,,103.3,1632.0,8.9
1985-03-01,,6.38383581,7.2,,103.1,1800.0,8.6
1985-04-01,1073981.0,6.19138804,7.3,45.2428869377865,103.3,1821.0,9.8
1985-05-01,,5.93748656,7.2,,103.5,1680.0,11.0
1985-06-01,,5.1560053,7.4,,103.3,1676.0,9.6
1985-07-01,1090905.0,5.33392835,7.4,45.5241607142104,103.2,1684.0,9.1
1985-08-01,,5.59011814,7.1,,102.7,1743.0,8.1
1985-09-01,,5.4232741,7.1,,102.1,1676.0,7.3
1985-10-01,1141088.0,5.40769529,7.1,45.9882624453098,102.9,1834.0,9.1
1985-11-01,,5.2424908,7.0,,103.4,1698.0,9.0
1985-12-01,,5.08076952,7.0,,103.6,1942.0,8.6
1986-01-01,1104498.0,4.54718526,6.7,46.2273451552701,103.2,1972.0,8.7
1986-02-01,,4.62388041,7.2,,101.7,1848.0,9.3
1986-03-01,,4.20918205,7.2,,100.3,1876.0,9.9
1986-04-01,1138030.0,3.94830491,7.1,46.002326134131,99.6,1933.0,9.7
1986-05-01,,4.04659032,7.2,,100.0,1854.0,9.3
1986-06-01,,4.58448381,7.2,,99.9,1847.0,9.4
1986-07-01,1148813.0,3.99302785,7.0,46.2835999105549,99.4,1782.0,9.3
1986-08-01,,3.9205807,6.9,,99.3,1807.0,8.9
1986-09-01,,3.55172642,7.0,,99.4,1687.0,7.1
1986-10-01,1188288.0,3.86705459,7.0,46.6070647534424,99.7,1681.0,8.3
1986-11-01,,3.74388639,6.9,,99.8,1623.0,8.6
1986-12-01,,3.54373436,6.6,,99.7,1833.0,6.8
1987-01-01,1148876.0,3.60456573,6.6,47.1696123062903,100.5,1774.0,9.4
1987-02-01,,3.57858135,6.6,,101.0,1784.0,8.2
1987-03-01,,3.55478545,6.6,,101.2,1726.0,8.1
1987-04-01,1205023.0,3.76019917,6.3,47.7040324814957,101.9,1614.0,4.1
1987-05-01,,4.3597144,6.3,,102.6,1628.0,7.8
1987-06-01,,4.33241266,6.2,,103.0,1594.0,7.3
1987-07-01,1218373.0,4.27752862,6.1,48.2103252790587,103.5,1575.0,7.1
1987-08-01,,4.48023176,6.0,,103.8,1605.0,6.8
1987-09-01,,4.60420021,5.9,,103.7,1695.0,7.2
1987-10-01,1282952.0,4.95924181,6.0,48.660363321337,104.1,1515.0,7.9
1987-11-01,,4.52543171,5.8,,104.2,1656.0,8.2
1987-12-01,,4.57927551,5.7,,104.2,1400.0,8.4
1988-01-01,1236534.0,4.60538556,5.7,49.0400829195093,104.6,1271.0,7.9
1988-02-01,,4.09836913,5.7,,104.8,1473.0,8.4
1988-03-01,,4.04273806,5.7,,104.9,1532.0,8.0
1988-04-01,1297399.0,4.41655648,5.4,49.6026304723571,105.8,1573.0,8.7
1988-05-01,,4.49627175,5.6,,106.5,1421.0,8.3
1988-06-01,,4.65088068,5.4,,107.2,1478.0,8.4
1988-07-01,1319724.0,4.43535275,5.4,50.2073690916685,107.9,1467.0,8.6
1988-08-01,,4.54274482,5.6,,108.0,1493.0,8.4
1988-09-01,,4.70786025,5.4,,108.1,1492.0,8.8
1988-10-01,1382783.0,4.46199391,5.4,50.7558529556952,108.2,1522.0,8.6
1988-11-01,,4.35872218,5.3,,108.3,1569.0,8.4
1988-12-01,,4.61793872,5.3,,109.0,1563.0,8.3
1989-01-01,1346036.0,4.86319371,5.4,51.3324641973642,110.5,1621.0,8.5
1989-02-01,,4.73187982,5.2,,110.8,1425.0,8.9
1989-03-01,,4.97372227,5.0,,111.5,1422.0,9.4
1989-04-01,1405607.0,4.87105004,5.2,52.1622218378147,112.3,1339.0,8.3
1989-05-01,,4.62966249,5.2,,113.2,1331.0,8.0
1989-06-01,,4.41116564,5.3,,112.9,1397.0,8.1
1989-07-01,1418867.0,4.00267623,5.2,52.5700688136294,112.8,1427.0,8.1
1989-08-01,,3.73935273,5.2,,112.0,1332.0,7.5
1989-09-01,,4.27707143,5.3,,112.4,1279.0,7.9
1989-10-01,1471062.0,4.29718333,5.3,53.1044889888348,112.8,1410.0,8.4
1989-11-01,,4.03013495,5.4,,112.7,1351.0,8.5
1989-12-01,,4.02966583,5.4,,113.0,1251.0,7.7
1990-01-01,1434375.0,4.1276234,5.4,54.0186287622126,114.9,1551.0,7.9
1990-02-01,,4.36692739,5.3,,114.4,1437.0,8.5
1990-03-01,,4.55196762,5.2,,114.2,1289.0,8.3
1990-04-01,1490965.0,4.55216196,5.4,54.553048937418,114.1,1248.0,8.7
1990-05-01,,4.80506176,5.4,,114.6,1212.0,8.7
1990-06-01,,4.38261115,5.2,,114.3,1177.0,8.6
1990-07-01,1499694.0,4.3418185,5.5,55.4953160884381,114.5,1171.0,8.7
1990-08-01,,4.17053207,5.7,,116.5,1115.0,8.1
1990-09-01,,4.3987447,5.9,,118.4,1110.0,8.1
1990-10-01,1538100.0,4.20053902,5.9,56.4375832394582,120.8,1014.0,7.9
1990-11-01,,4.05885498,6.2,,120.1,1145.0,8.0
1990-12-01,,3.8939207,6.3,,118.7,969.0,8.8
1991-01-01,1475270.0,3.92293115,6.4,56.8594939040941,119.0,798.0,9.4
1991-02-01,,3.90705382,6.6,,117.2,965.0,9.0
1991-03-01,,4.17583618,6.8,,116.2,921.0,8.1
1991-04-01,1532427.0,4.1098331,6.7,57.1970224358028,116.0,1001.0,8.7
1991-05-01,,4.04991631,6.9,,116.5,996.0,8.5
1991-06-01,,4.18764426,6.9,,116.4,1036.0,9.0
1991-07-01,1548990.0,4.22225375,6.8,57.6329967892598,116.1,1063.0,8.4
1991-08-01,,4.13991739,6.9,,116.2,1049.0,8.7
1991-09-01,,3.87849555,6.9,,116.1,1015.0,8.9
1991-10-01,1601443.0,3.63786206,7.0,58.1111622091805,116.4,1079.0,9.4
1991-11-01,,3.56505772,7.0,,116.4,1103.0,9.1
1991-12-01,,3.41033346,7.3,,115.9,1079.0,9.8
1992-01-01,1554707.0,3.19854245,7.3,58.504945496174,115.6,1176.0,9.5
1992-02-01,,3.62829159,7.4,,116.0,1250.0,9.8
1992-03-01,,3.66026498,7.4,,116.1,1297.0,9.7
1992-04-01,1619581.0,3.78985987,7.4,58.9549835384522,116.3,1099.0,9.8
1992-05-01,,3.74616997,7.6,,117.2,1214.0,9.8
1992-06-01,,3.56857666,7.8,,118.0,1145.0,10.0
1992-07-01,1640744.0,3.35309944,7.7,59.4050215807305,117.9,1139.0,9.5
1992-08-01,,3.1248226,7.6,,117.7,1226.0,9.6
1992-09-01,,2.95734236,7.6,,118.0,1186.0,8.6
1992-10-01,1705290.0,2.72804375,7.3,59.9253780671147,118.1,1244.0,7.9
1992-11-01,,3.32463334,7.4,,117.8,1214.0,7.9
1992-12-01,,3.50968543,7.4,,117.6,1227.0,10.5
1993-01-01,1638122.0,3.26790846,7.3,60.3613524205718,118.0,1210.0,8.5
1993-02-01,,3.00478524,7.1,,118.4,1210.0,8.8
1993-03-01,,2.67342493,7.0,,118.7,1083.0,8.8
1993-04-01,1701825.0,2.77451693,7.1,60.7973267740289,119.3,1258.0,8.7
1993-05-01,,2.66472062,7.1,,119.7,1260.0,8.2
1993-06-01,,2.76123734,7.0,,119.5,1280.0,7.7
1993-07-01,1724703.0,2.59179878,6.9,61.0786005504528,119.2,1254.0,7.5
1993-08-01,,2.70290307,6.8,,118.7,1300.0,7.6
1993-09-01,,2.45058069,6.7,,118.7,1343.0,6.8
1993-10-01,1793863.0,2.39884319,6.8,61.5848933480158,119.1,1392.0,6.2
1993-11-01,,2.56229533,6.6,,119.0,1376.0,6.2
1993-12-01,,2.72011647,6.5,,118.6,1533.0,9.0
1994-01-01,1736453.0,2.77268493,6.6,61.8942945020821,119.1,1272.0,7.0
1994-02-01,,2.62016875,6.6,,119.3,1337.0,6.4
1994-03-01,,2.97120305,6.5,,119.7,1564.0,6.7
1994-04-01,1809569.0,3.65918278,6.4,62.245886722612,119.7,1465.0,6.3
1994-05-01,,3.62457709,6.1,,119.9,1526.0,7.5
1994-06-01,,3.59356552,6.1,,120.5,1409.0,6.8
1994-07-01,1837412.0,3.7864194,6.1,62.822497964281,120.7,1439.0,6.9
1994-08-01,,3.58028405,6.0,,121.2,1450.0,6.4
1994-09-01,,3.6371045,5.9,,121.0,1474.0,6.7
1994-10-01,1903751.0,3.95662307,5.8,63.1881538736321,120.9,1450.0,7.0
1994-11-01,,4.10325275,5.6,,121.5,1511.0,6.9
1994-12-01,,4.11695307,5.5,,121.9,1455.0,7.0
1995-01-01,1835136.0,4.24429022,5.6,63.6522556047316,122.9,1407.0,7.3
1995-02-01,,4.05499673,5.4,,123.5,1316.0,7.7
1995-03-01,,3.72098557,5.4,,123.9,1249.0,7.4
1995-04-01,1897414.0,3.6549273,5.8,64.1726120911158,124.6,1267.0,6.8
1995-05-01,,3.4204808,5.6,,124.9,1314.0,7.0
1995-06-01,,2.90471287,5.6,,125.3,1281.0,6.5
1995-07-01,1922816.0,2.93803016,5.7,64.4960769340033,125.3,1461.0,6.9
1995-08-01,,3.14848844,5.7,,125.1,1416.0,6.6
1995-09-01,,3.01759856,5.6,,125.2,1369.0,6.6
1995-10-01,1984341.0,3.0097294,5.5,64.8476691545332,125.3,1369.0,7.0
1995-11-01,,2.88422441,5.6,,125.4,1452.0,6.4
1995-12-01,,2.72215346,5.6,,125.7,1431.0,6.0
1996-01-01,1925298.0,2.64759197,5.6,65.4242803962022,126.3,1467.0,6.5
1996-02-01,,2.59785872,5.5,,126.2,1491.0,6.6
1996-03-01,,2.8972936,5.5,,126.4,1424.0,6.4
1996-04-01,2005097.0,3.10833442,5.6,65.98682794905,127.4,1516.0,5.5
1996-05-01,,3.30502587,5.6,,128.1,1504.0,6.5
1996-06-01,,3.49408029,5.3,,128.0,1467.0,6.9
1996-07-01,2035136.0,3.36926055,5.5,66.3665475472223,128.0,1472.0,6.5
1996-08-01,,3.32941538,5.1,,128.3,1557.0,6.4
1996-09-01,,3.52082209,5.2,,128.2,1475.0,6.4
1996-10-01,2107536.0,3.31834947,5.2,66.9431587888914,128.0,1392.0,6.1
1996-11-01,,3.14164675,5.4,,128.2,1489.0,6.2
1996-12-01,,2.95093511,5.4,,129.1,1370.0,6.1
1997-01-01,2043501.0,3.2548678,5.3,67.351005764706,129.7,1355.0,5.9
1997-02-01,,3.21337489,5.2,,128.5,1486.0,6.0
1997-03-01,,3.3085558,5.2,,127.3,1457.0,6.1
1997-04-01,2129607.0,3.55047337,5.1,67.5057063417392,127.0,1492.0,6.2
1997-05-01,,3.43698117,4.9,,127.4,1442.0,6.5
1997-06-01,,3.27910832,5.0,,127.2,1494.0,6.3
1997-07-01,2166479.0,3.19987642,4.9,67.8432348734479,126.9,1437.0,5.8
1997-08-01,,3.0885119,4.8,,127.2,1390.0,5.7
1997-09-01,,3.15086952,4.9,,127.5,1546.0,5.9
1997-10-01,2237891.0,3.01659074,4.7,68.208890782799,127.8,1520.0,5.9
1997-11-01,,2.97295683,4.6,,127.9,1510.0,6.1
1997-12-01,,2.91985104,4.7,,126.8,1566.0,6.1
1998-01-01,2160728.0,2.84030163,4.6,68.3495276710109,125.4,1525.0,7.0
1998-02-01,,2.77706891,4.6,,125.0,1584.0,7.0
1998-03-01,,2.85251196,4.7,,124.7,1567.0,7.1
1998-04-01,2249908.0,2.84606553,4.3,68.57454669215,124.9,1540.0,6.9
1998-05-01,,2.89304228,4.4,,125.1,1536.0,6.6
1998-06-01,,2.87099745,4.5,,124.8,1641.0,6.5
1998-07-01,2281422.0,2.77070571,4.5,68.92613891268,124.9,1698.0,6.6
1998-08-01,,2.77934018,4.5,,124.2,1614.0,6.5
1998-09-01,,2.49623921,4.6,,123.8,1582.0,6.1
1998-10-01,2370677.0,1.93514547,4.5,69.2496037555674,124.0,1715.0,5.9
1998-11-01,,2.22103048,4.4,,123.6,1660.0,6.0
1998-12-01,,2.22957981,4.4,,122.8,1792.0,5.5
1999-01-01,2293136.0,2.30815245,4.3,69.502750154349,122.9,1748.0,6.1
1999-02-01,,2.36759019,4.4,,122.3,1670.0,6.0
1999-03-01,,2.71035881,4.2,,122.6,1710.0,5.6
1999-04-01,2388422.0,2.67778993,4.3,70.0231066407332,123.6,1553.0,4.7
1999-05-01,,2.70423805,4.2,,124.7,1611.0,4.4
1999-06-01,,3.11656311,4.3,,125.2,1559.0,4.3
1999-07-01,2423648.0,3.0055618,4.3,70.5434631271175,125.7,1669.0,4.4
1999-08-01,,3.10154331,4.2,,126.9,1648.0,4.3
1999-09-01,,3.16946543,4.2,,128.0,1635.0,3.7
1999-10-01,2524828.0,3.14292186,4.1,71.0638196135017,127.7,1608.0,4.0
1999-11-01,,3.14725353,4.1,,128.3,1648.0,4.1
1999-12-01,,3.1922035,4.0,,127.8,1708.0,3.7
2000-01-01,2448892.0,3.41105112,4.0,71.7670040545615,128.3,1636.0,4.5
2000-02-01,,3.51334339,4.1,,129.8,1737.0,4.0
2000-03-01,,3.44034736,4.0,,130.8,1604.0,3.8
2000-04-01,2569266.0,3.20296665,3.8,72.3295516074093,130.7,1626.0,4.3
2000-05-01,,3.3605311,4.0,,131.6,1575.0,4.3
2000-06-01,,3.1278929,4.0,,133.8,1559.0,4.3
2000-07-01,2577927.0,3.06235485,4.0,72.9905449820055,133.7,1463.0,4.7
2000-08-01,,3.04561328,4.1,,132.9,1541.0,4.8
2000-09-01,,2.88599618,3.9,,134.7,1507.0,4.1
2000-10-01,2655636.0,2.87662559,3.9,73.5109014683898,135.4,1549.0,4.3
2000-11-01,,2.83313793,3.9,,135.0,1551.0,4.3
2000-12-01,,2.63921042,3.9,,136.2,1532.0,4.1
2001-01-01,2562488.0,2.25143294,4.2,74.2140859094495,140.0,1600.0,4.5
2001-02-01,,2.26701398,4.2,,137.4,1625.0,4.6
2001-03-01,,2.26729473,4.3,,135.9,1590.0,4.9
2001-04-01,2656407.0,2.22098391,4.4,74.7344423958338,136.4,1649.0,4.8
2001-05-01,,2.43341797,4.3,,136.8,1605.0,4.3
2001-06-01,,2.52645602,4.5,,135.5,1636.0,4.2
2001-07-01,2651366.0,2.52836744,4.6,74.9453977281517,133.4,1670.0,5.4
2001-08-01,,2.33436142,4.9,,133.4,1567.0,6.5
2001-09-01,,2.17776797,5.0,,133.3,1562.0,6.9
2001-10-01,2711715.0,1.98693245,5.3,74.8891429728669,130.3,1540.0,2.9
2001-11-01,,1.81476553,5.5,,129.8,1602.0,3.4
2001-12-01,,2.0405763,5.7,,128.1,1568.0,3.7
2002-01-01,2631119.0,2.52349996,5.7,75.1282256828272,128.5,1698.0,5.6
2002-02-01,,2.40007343,5.7,,128.4,1829.0,5.4
2002-03-01,,2.42129018,5.7,,129.8,1642.0,5.5
2002-04-01,2721842.0,2.70112632,5.9,75.7189006133174,130.8,1592.0,5.4
2002-05-01,,2.35054993,5.8,,130.8,1764.0,6.1
2002-06-01,,2.31986391,5.8,,130.9,1717.0,6.1
2002-07-01,2751463.0,2.14192855,5.8,76.1267475891321,131.2,1655.0,5.3
2002-08-01,,1.74226259,5.7,,131.5,1633.0,5.2
2002-09-01,,1.44610825,5.7,,132.3,1804.0,5.8
2002-10-01,2824686.0,1.26869564,5.7,76.5767856314104,133.2,1648.0,5.6
2002-11-01,,1.39558681,5.9,,133.1,1753.0,5.6
2002-12-01,,1.69225366,6.0,,132.9,1788.0,5.3
2003-01-01,2743734.0,1.48820174,5.8,77.3643522053974,135.3,1853.0,5.3
2003-02-01,,1.466379,5.9,,137.6,1629.0,5.2
2003-03-01,,1.22359095,5.9,,141.2,1726.0,4.9
2003-04-01,2831413.0,1.30961847,6.0,77.2377790060066,136.8,1643.0,5.0
2003-05-01,,1.37072098,6.1,,136.7,1751.0,5.3
2003-06-01,,0.90511574,6.3,,138.0,1867.0,5.1
2003-07-01,2886905.0,1.12868896,6.2,77.8143902476756,137.7,1897.0,5.9
2003-08-01,,1.75170446,6.1,,138.0,1833.0,5.7
2003-09-01,,1.89723825,6.1,,138.5,1939.0,4.9
2003-10-01,2994399.0,1.38081936,6.0,78.1097277129207,139.3,1967.0,5.0
2003-11-01,,1.71390165,5.8,,138.9,2083.0,5.0
2003-12-01,,1.71357266,5.7,,139.5,2057.0,5.0
2004-01-01,2924602.0,1.70195436,5.7,78.7707210875169,141.4,1911.0,4.6
2004-02-01,,1.57158074,5.6,,142.1,1846.0,4.6
2004-03-01,,1.47016466,5.8,,143.1,1998.0,4.5
2004-04-01,3032386.0,1.35814941,5.6,79.3895233956495,144.8,2003.0,4.9
2004-05-01,,1.88324516,5.6,,146.8,1981.0,4.8
2004-06-01,,1.94657611,5.6,,147.2,1828.0,5.4
2004-07-01,3069688.0,1.93379862,5.5,79.8958161932126,147.4,2002.0,4.7
2004-08-01,,1.85580269,5.4,,148.0,2024.0,4.7
2004-09-01,,1.48469164,5.4,,147.7,1905.0,4.1
2004-10-01,3190521.0,1.6871063,5.5,80.7537012113055,150.0,2072.0,3.9
2004-11-01,,1.60768876,5.4,,151.4,1782.0,3.4
2004-12-01,,1.90953662,5.4,,150.2,2042.0,6.2
2005-01-01,3111329.0,1.7792759,5.3,81.1615481871202,150.9,2144.0,2.7
2005-02-01,,1.81315912,5.4,,151.6,2207.0,2.3
2005-03-01,,1.97934111,5.2,,153.7,1864.0,2.5
2005-04-01,3232051.0,2.02052684,5.2,81.7100320511468,155.0,2061.0,2.1
2005-05-01,,1.78986568,5.1,,154.3,2025.0,2.6
2005-06-01,,1.66688811,5.0,,154.3,2068.0,2.0
2005-07-01,3306451.0,1.82002108,5.0,82.947636667412,156.3,2054.0,1.4
2005-08-01,,2.00821677,4.9,,157.6,2095.0,2.0
2005-09-01,,1.73569017,5.0,,162.2,2151.0,2.0
2005-10-01,3389367.0,1.96704484,5.0,83.7211395525778,166.2,2065.0,2.3
2005-11-01,,2.07568901,5.0,,163.7,2147.0,2.6
2005-12-01,,2.01834727,4.9,,163.0,1994.0,2.5
2006-01-01,3333266.0,2.06484172,4.7,84.1571139060348,164.3,2273.0,3.0
2006-02-01,,2.20441278,4.8,,161.8,2119.0,3.2
2006-03-01,,2.38362088,4.7,,162.2,1969.0,3.3
2006-04-01,3460990.0,2.35839303,4.7,84.9165531023794,164.3,1821.0,3.1
2006-05-01,,2.40637015,4.6,,165.8,1942.0,2.9
2006-06-01,,2.45080986,4.6,,166.1,1802.0,2.9
2006-07-01,3463694.0,2.49634953,4.7,85.7181833651876,166.8,1737.0,2.3
2006-08-01,,2.2982861,4.7,,167.9,1650.0,2.5
2006-09-01,,2.20605719,4.5,,165.4,1720.0,2.4
2006-10-01,3557633.0,2.21206207,4.4,85.3665911446577,162.2,1491.0,2.4
2006-11-01,,2.1998854,4.5,,164.6,1570.0,2.7
2006-12-01,,2.12213778,4.4,,165.6,1649.0,2.6
2007-01-01,3482006.0,2.14807579,4.6,86.203521266407,164.0,1409.0,2.4
2007-02-01,,2.28715091,4.5,,166.8,1480.0,2.8
2007-03-01,,2.0249864,4.4,,169.3,1495.0,3.0
2007-04-01,3613882.0,2.07748685,4.5,87.1798225443744,171.4,1490.0,3.0
2007-05-01,,2.0318442,4.4,,173.3,1415.0,2.8
2007-06-01,,2.24630973,4.6,,173.8,1448.0,2.7
2007-07-01,3637993.0,2.37357342,4.7,87.7316816937182,175.1,1354.0,2.6
2007-08-01,,2.13388077,4.6,,172.4,1330.0,2.2
2007-09-01,,1.94622258,4.7,,173.5,1183.0,2.3
2007-10-01,3740350.0,1.98911422,4.7,88.807835162316,174.7,1264.0,2.2
2007-11-01,,1.82624712,4.7,,179.0,1197.0,1.9
2007-12-01,,1.38696881,5.0,,178.6,1037.0,2.4
2008-01-01,3657487.0,1.39949068,5.0,89.7697914776858,181.0,1084.0,2.6
2008-02-01,,1.11112286,4.9,,182.7,1103.0,3.0
2008-03-01,,1.02522008,5.1,,187.9,1005.0,2.9
2008-04-01,3715835.0,1.06289422,5.0,90.9376401973979,190.9,1013.0,2.4
2008-05-01,,1.40051629,5.4,,196.6,973.0,6.8
2008-06-01,,1.48755401,5.6,,200.5,1046.0,4.6
2008-07-01,3698182.0,1.44558109,5.8,92.3397899728711,205.5,923.0,3.6
2008-08-01,,1.35649733,6.1,,199.0,844.0,3.1
2008-09-01,,1.23957472,6.1,,196.9,820.0,3.9
2008-10-01,3698360.0,1.48506331,6.5,90.2250330848279,186.4,777.0,4.9
2008-11-01,,1.63162854,6.8,,176.8,652.0,6.0
2008-12-01,,0.97537985,7.3,,170.9,560.0,5.8
2009-01-01,3522117.0,0.93854104,7.8,89.6044024971486,171.2,490.0,5.9
2009-02-01,,1.03930649,8.3,,169.3,582.0,5.4
2009-03-01,,1.25074177,8.7,,168.1,505.0,5.8
2009-04-01,3598010.0,0.71281967,9.0,90.0808802744107,169.1,478.0,6.5
2009-05-01,,1.0174109,9.4,,170.8,540.0,7.8
2009-06-01,,1.32210554,9.5,,174.1,585.0,6.1
2009-07-01,3623204.0,1.26690282,9.5,90.8559301653468,172.5,594.0,5.4
2009-08-01,,1.15904037,9.6,,175.0,586.0,4.4
2009-09-01,,0.94923764,9.8,,174.1,585.0,5.5
2009-10-01,3734738.0,0.99714116,10.0,91.5672715459228,175.2,534.0,5.1
2009-11-01,,1.06141004,9.9,,177.4,588.0,5.5
2009-12-01,,0.84804056,9.9,,178.1,581.0,5.4
2010-01-01,3602418.0,1.29792486,9.8,91.7124088145576,181.9,614.0,5.6
2010-02-01,,1.12451541,9.8,,181.0,604.0,5.3
2010-03-01,,0.99873153,9.9,,183.3,636.0,5.3
2010-04-01,3755370.0,1.3091053,9.9,91.6800623302688,184.4,687.0,6.0
2010-05-01,,1.22638786,9.6,,184.8,583.0,6.4
2010-06-01,,1.01936098,9.4,,183.5,536.0,6.2
2010-07-01,3793867.0,0.84675907,9.4,91.9488194236419,184.1,546.0,6.1
2010-08-01,,0.65616389,9.5,,184.9,599.0,6.2
2010-09-01,,0.57706775,9.5,,184.9,594.0,6.1
2010-10-01,3897315.0,0.40880525,9.4,92.693351109836,186.6,543.0,5.9
2010-11-01,,0.33888956,9.8,,187.7,545.0,5.8
2010-12-01,,0.62620927,9.3,,189.7,539.0,6.2
2011-01-01,3764835.0,0.86397716,9.1,93.6825909815189,192.7,630.0,6.6
2011-02-01,,0.82968718,9.0,,195.8,517.0,6.9
2011-03-01,,0.87385088,9.0,,199.2,600.0,6.3
2011-04-01,3893028.0,0.97750283,9.1,94.7477747728362,203.1,554.0,6.3
2011-05-01,,0.71147484,9.0,,204.1,561.0,6.3
2011-06-01,,0.49226699,9.1,,203.9,608.0,6.5
2011-07-01,3927583.0,0.57395235,9.0,95.3655926227514,204.6,623.0,6.7
2011-08-01,,0.39497491,9.0,,203.2,585.0,6.7
2011-09-01,,0.21493888,9.0,,203.7,650.0,6.4
2011-10-01,4014288.0,0.09856249,8.8,95.7936913104686,201.1,610.0,6.3
2011-11-01,,0.13706953,8.6,,201.4,711.0,6.4
2011-12-01,,0.14446831,8.5,,199.8,694.0,7.2
2012-01-01,3960259.0,0.14610051,8.3,96.3331744136496,200.7,723.0,7.4
2012-02-01,,0.02185103,8.3,,201.6,704.0,7.3
2012-03-01,,0.16923691,8.2,,204.2,695.0,7.6
2012-04-01,4047165.0,0.19464573,8.2,96.5365353540041,203.7,753.0,7.9
2012-05-01,,-0.08722198,8.2,,201.9,708.0,7.9
2012-06-01,,-0.04815105,8.2,,199.8,757.0,7.9
2012-07-01,4086346.0,-0.05482603,8.2,96.972369070573,200.1,740.0,7.0
2012-08-01,,-0.06008478,8.1,,202.7,754.0,6.7
2012-09-01,,-0.16925714,7.8,,204.4,847.0,7.2
2012-10-01,4160201.0,-0.09317224,7.8,97.6171892030248,203.5,915.0,7.8
2012-11-01,,-0.00573705,7.7,,201.8,833.0,8.7
2012-12-01,,-0.17237745,7.9,,201.5,976.0,10.9
2013-01-01,4074333.0,0.08440142,8.0,98.0095661211362,202.5,888.0,4.9
2013-02-01,,0.17210018,7.7,,204.3,962.0,4.7
2013-03-01,,0.05034072,7.5,,204.0,1010.0,4.8
2013-04-01,4184244.0,-0.02421188,7.6,97.9022601754304,203.5,835.0,5.1
2013-05-01,,-0.01939123,7.5,,204.1,930.0,5.3
2013-06-01,,0.22769375,7.5,,204.3,839.0,5.4
2013-07-01,4259404.0,0.54638104,7.3,98.4317580595484,204.4,880.0,5.2
2013-08-01,,0.47506869,7.2,,204.2,917.0,5.2
2013-09-01,,0.54083451,7.2,,203.9,850.0,5.3
2013-10-01,4362704.0,0.49296942,7.2,98.795726326241,202.5,925.0,4.7
2013-11-01,,0.48963774,6.9,,201.2,1100.0,4.5
2013-12-01,,0.41829993,6.7,,202.0,1002.0,4.5
2014-01-01,4220258.0,0.68063671,6.6,99.4110127121683,203.8,888.0,5.2
2014-02-01,,0.50867731,6.7,,205.7,944.0,5.3
2014-03-01,,0.58045318,6.7,,207.0,970.0,5.2
2014-04-01,4376828.0,0.7022221,6.2,99.938963590516,208.3,1043.0,5.4
2014-05-01,,0.62685415,6.3,,208.0,1007.0,5.6
2014-06-01,,0.62452944,6.1,,208.3,911.0,5.6
2014-07-01,4465484.0,0.59099495,6.2,100.194641453285,208.0,1085.0,5.5
2014-08-01,,0.6494057,6.1,,207.0,984.0,5.3
2014-09-01,,0.58085993,5.9,,206.4,1023.0,5.5
2014-10-01,4545567.0,0.7009647,5.7,99.9457141611502,203.4,1074.0,5.4
2014-11-01,,0.71330026,5.8,,200.9,1001.0,5.6
2014-12-01,,0.38472537,5.6,,197.0,1073.0,6.0
2015-01-01,4411435.0,0.7099428,5.7,99.2987844753752,192.0,1085.0,6.3
2015-02-01,,0.53838038,5.5,,191.1,886.0,6.4
2015-03-01,,0.75170542,5.4,,191.5,960.0,5.9
2015-04-01,4580499.0,0.41032252,5.4,99.9759510921157,190.9,1190.0,5.9
2015-05-01,,0.53392144,5.6,,193.4,1079.0,5.8
2015-06-01,,0.5537778,5.3,,194.8,1205.0,5.7
2015-07-01,4625898.0,0.6670749,5.2,100.353561136965,193.9,1146.0,5.6
2015-08-01,,0.54830556,5.1,,191.9,1130.0,5.6
2015-09-01,,0.51245991,5.0,,189.1,1224.0,5.8
2015-10-01,4677188.0,0.52877171,5.0,100.345966745001,187.5,1058.0,5.8
2015-11-01,,0.6662057,5.1,,185.7,1172.0,5.6
2015-12-01,,0.64742223,5.0,,183.5,1146.0,5.8
2016-01-01,4521822.0,0.73450597,4.8,100.283664603524,182.6,1092.0,6.1
2016-02-01,,0.538738,4.9,,181.3,1225.0,5.6
2016-03-01,,0.55140742,5.0,,182.1,1111.0,5.9
2016-04-01,4690281.0,0.34527268,5.1,101.085716776996,183.2,1163.0,5.5
2016-05-01,,0.41364983,4.8,,185.3,1148.0,5.3
2016-06-01,,0.51909852,4.9,,187.6,1203.0,4.9
2016-07-01,4746661.0,0.16534694,4.8,101.514799922931,187.7,1239.0,5.1
2016-08-01,,0.22683746,4.9,,186.6,1171.0,5.1
2016-09-01,,0.2160743,5.0,,186.9,1068.0,5.1
2016-10-01,4840483.0,0.28979681,4.9,102.159198144718,186.7,1313.0,5.3
2016-11-01,,0.34660933,4.7,,186.3,1140.0,5.4
2016-12-01,,0.70045658,4.7,,188.2,1252.0,5.0
2017-01-01,4674704.0,0.72565107,4.7,102.878133917258,190.7,1190.0,5.3
2017-02-01,,0.77438158,4.6,,191.6,1271.0,5.6
2017-03-01,,0.91650302,4.4,,191.5,1190.0,5.6
2017-04-01,4889678.0,0.76575378,4.4,102.996831450909,193.0,1146.0,5.7
2017-05-01,,0.7764088,4.4,,192.8,1157.0,6.3
2017-06-01,,0.73611135,4.3,,193.6,1249.0,6.0
2017-07-01,4958224.0,0.72501612,4.3,103.489201196539,193.5,1206.0,6.0
2017-08-01,,0.67086016,4.4,,193.8,1159.0,6.1
2017-09-01,,0.56521264,4.3,,194.8,1181.0,5.9
2017-10-01,5089495.0,0.72914351,4.2,104.312489540131,194.9,1257.0,6.0
2017-11-01,,0.75219045,4.2,,195.9,1273.0,5.6
2017-12-01,,0.57304923,4.1,,196.3,1177.0,5.0
2018-01-01,4962408.0,0.87378801,4.0,105.191470091456,197.9,1299.0,5.7
2018-02-01,,1.08846929,4.1,,199.3,1277.0,5.8
2018-03-01,,1.02953583,4.0,,199.3,1318.0,5.9
2018-04-01,5161541.0,1.01435433,4.0,105.764143500255,200.3,1276.0,6.0
2018-05-01,,1.2160918,3.8,,203.2,1357.0,6.0
2018-06-01,,1.24572814,4.0,,204.2,1192.0,6.3
2018-07-01,5221627.0,1.15523371,3.8,106.189148176432,204.3,1208.0,6.5
2018-08-01,,1.25524162,3.8,,203.4,1288.0,6.6
2018-09-01,,1.1321469,3.7,,203.6,1250.0,6.8
2018-10-01,5310940.0,1.30012681,3.8,106.621465970795,204.6,1221.0,6.7
2018-11-01,,1.30865835,3.8,,202.3,1181.0,6.5
2018-12-01,,1.25496666,3.9,,201.0,1095.0,8.4
2019-01-01,5140051.0,1.04043434,4.0,106.918069168034,199.1,1232.0,8.2
2019-02-01,,1.06818285,3.8,,199.2,1128.0,8.5
2019-03-01,,0.51720765,3.8,,200.8,1195.0,7.9
2019-04-01,5376189.0,0.42030375,3.6,107.680039828367,202.1,1267.0,7.7
2019-05-01,,0.5404288,3.7,,201.7,1307.0,7.3
2019-06-01,,0.42130162,3.6,,200.3,1228.0,7.1
2019-07-01,5441019.0,0.44057188,3.7,108.044992553277,200.7,1245.0,6.8
2019-08-01,,0.42005179,3.7,,199.2,1367.0,7.0
2019-09-01,,0.23500552,3.5,,198.4,1300.0,7.2
2019-10-01,5564137.0,0.36832453,3.6,108.805556844727,198.6,1332.0,7.3
2019-11-01,,0.43361185,3.6,,199.0,1346.0,7.1
2019-12-01,,0.51426493,3.6,,199.0,1551.0,6.4
2020-01-01,5292718.0,0.50509631,3.5,109.191745739757,199.3,1572.0,7.2
2020-02-01,,0.31598579,3.5,,196.7,1565.0,7.7
2020-03-01,,-0.12783745,4.4,,193.1,1267.0,12.5
2020-04-01,5009931.0,-0.11159442,14.7,108.142172643031,185.5,925.0,32.0
2020-05-01,,-0.02785652,13.2,,188.6,1054.0,22.7
2020-06-01,,-0.15369936,11.0,,191.2,1266.0,18.4
2020-07-01,5411028.0,-0.3453445,10.2,109.375839426426,193.0,1529.0,17.9
2020-08-01,,-0.407134,8.4,,194.3,1377.0,14.0
2020-09-01,,-0.34333693,7.9,,195.5,1463.0,13.2
2020-10-01,5609276.0,-0.29173845,6.9,110.137528812982,196.5,1537.0,12.8
2020-11-01,,-0.21395564,6.7,,198.3,1545.0,12.1
2020-12-01,,-0.23232146,6.7,,200.5,1663.0,12.0
2021-01-01,5503213.0,-0.23501721,6.3,111.272187227077,204.8,1602.0,19.3
2021-02-01,,-0.2308238,6.2,,210.6,1422.0,12.8
2021-03-01,,0.01250687,6.1,,215.0,1700.0,26.1
2021-04-01,5853320.0,0.11804694,6.1,113.307343636392,217.9,1484.0,12.3
2021-05-01,,0.03694758,5.8,,224.9,1600.0,9.9
2021-06-01,,-0.00566485,5.9,,228.9,1661.0,8.7
2021-07-01,5975139.0,0.03504108,5.4,115.134076177377,231.85,1593.0,9.4
2021-08-01,,-0.26101879,5.2,,233.415,1576.0,8.7
2021-09-01,,-0.19473087,4.8,,235.678,1560.0,7.2
2021-10-01,6271538.0,0.08790114,4.5,117.589314971781,240.465,1572.0,6.6
2021-11-01,,0.16399788,4.2,,243.287,1712.0,6.2
2021-12-01,,0.09168917,3.9,,241.338,1787.0,6.1
2022-01-01,6098908.0,0.3194951,4.0,120.199676253883,246.453,1669.0,4.1
2022-02-01,,0.44159289,3.8,,252.66,1771.0,4.1
2022-03-01,,0.34708992,3.6,,260.014,1713.0,3.4
2022-04-01,6414266.0,0.94940027,3.6,123.002006888395,265.31,1803.0,3.1
2022-05-01,,1.20389776,3.6,,273.251,1543.0,3.1
2022-06-01,,1.02509351,3.6,,280.251,1561.0,2.7
2022-07-01,6539219.0,1.06217493,3.5,124.672773120353,272.274,1371.0,3.5
2022-08-01,,0.8556253,3.7,,269.546,1505.0,3.2
2022-09-01,,1.20424868,3.5,,267.898,1463.0,3.0
2022-10-01,6701519.0,1.79733203,3.7,125.950881160423,265.061,1432.0,3.0
2022-11-01,,1.93071305,3.6,,263.157,1427.0,3.3
2022-12-01,,1.57612515,3.5,,257.897,1357.0,3.4
2023-01-01,6546655.0,1.78309897,3.4,127.134621848503,260.227,1340.0,4.4
2023-02-01,,1.42020217,3.6,,258.669,1436.0,4.7
2023-03-01,,2.05963636,3.5,,257.062,1380.0,5.2
2023-04-01,6802375.0,1.44391386,3.4,127.987022027956,256.908,1348.0,5.2
2023-05-01,,1.53690406,3.7,,253.67,1583.0,5.3
2023-06-01,,1.06063107,3.6,,253.86,1418.0,4.8
2023-07-01,6928858.0,1.4260473,3.5,129.118445793621,253.805,1451.0,4.2
2023-08-01,,1.60209539,3.8,,257.675,1305.0,4.2
2023-09-01,,1.69970754,3.8,,258.889,1346.0,3.7
2023-10-01,,2.08246076,3.9,,255.463,1372.0,3.8
2023-11-01,,2.09674915,,,,,
